SEP=,
id,result
0,0.21714121552944907
1,0.3914293922352751
2,0.3914293922352751
