SEP=,
id,result
0,0.5446644099812223
1,0.03307696345959314
2,0.4222586265591843
