SEP=,
id,result
0,0.24565625361434823
1,0.40431818215739984
2,0.35002556422825193
