SEP=,
id,result
0,0.5446644099812231
1,0.42225862655918367
2,0.033076963459592976
