SEP=,
id,result
0,0.6889589203331687
1,0.31104107966683003
2,1.7576446245920426E-16
