SEP=,
id,result
0,0.5446644099812222
1,0.033076963459593066
2,0.4222586265591841
