SEP=,
id,result
0,0.6454154276834368
1,0.35458457231656254
2,1.0757412779540429E-16
