SEP=,
id,result
0,0.24565625361434748
1,0.3500255642282522
2,0.40431818215740006
