SEP=,
id,result
0,0.34026222109228005
1,0.3298688894538596
2,0.32986888945385956
