SEP=,
id,result
0,0.5651791766222762
1,2.9801043794146994E-17
2,0.4348208233777239
