SEP=,
id,result
0,0.5252102169443276
1,0.23739488451152746
2,0.23739488438520326
