SEP=,
id,result
0,0.9929713128364419
1,6.084572531792393E-17
2,0.007028687163558039
