SEP=,
id,result
0,0.21714121552944915
1,0.39142939223527523
2,0.3914293922352752
