SEP=,
id,result
0,0.5682305951298613
1,1.9974160417999869E-16
2,0.4317694048701382
