SEP=,
id,result
0,0.785051548782751
1,1.951511899026599E-17
2,0.2149484512172492
