SEP=,
id,result
0,0.2456562536143474
1,0.3500255642282521
2,0.40431818215739995
