SEP=,
id,result
0,0.24565625361434815
1,0.3500255642282521
2,0.40431818215739973
