SEP=,
id,result
0,0.5971830910160006
1,0.40281690898399986
2,1.0521509923162528E-17
