SEP=,
id,result
0,0.6373860581043201
1,0.3626139418956798
2,7.615683010491102E-17
