SEP=,
id,result
0,0.8481556114974806
1,1.4874493033119716E-16
2,0.1518443885025194
