SEP=,
id,result
0,0.9235570511098126
1,0.07644294889018623
2,1.6497794818981305E-16
