SEP=,
id,result
0,0.21714121552944957
1,0.3914293922352753
2,0.3914293922352754
