SEP=,
id,result
0,0.5252102251195634
1,0.23739488744021825
2,0.2373948874402184
