SEP=,
id,result
0,0.24565625361434762
1,0.4043181821573996
2,0.3500255642282516
