SEP=,
id,result
0,0.5803052954210715
1,1.0656257976041844E-16
2,0.41969470457892766
