SEP=,
id,result
0,0.24565625361434745
1,0.35002556422825215
2,0.40431818215740023
