SEP=,
id,result
0,0.525210225119563
1,0.23739488744021825
2,0.23739488744021825
