SEP=,
id,result
0,0.24565625361434823
1,0.4043181821573998
2,0.35002556422825204
