SEP=,
id,result
0,0.5446644099812223
1,0.42225862655918434
2,0.03307696345959311
