SEP=,
id,result
0,0.5446644099812226
1,0.4222586265591839
2,0.03307696345959273
