SEP=,
id,result
0,0.34026222076719814
1,0.3298688892484574
2,0.3298688892992105
