SEP=,
id,result
0,0.5252102251195623
1,0.23739488744021797
2,0.23739488744021794
