SEP=,
id,result
0,0.34026222109228055
1,0.3298688894538597
2,0.3298688894538597
