SEP=,
id,result
0,0.5446644099812228
1,0.033076963459593225
2,0.4222586265591844
