SEP=,
id,result
0,0.5446644099812225
1,0.4222586265591837
2,0.033076963459592594
