SEP=,
id,result
0,0.24565625361434762
1,0.40431818215739984
2,0.3500255642282524
