SEP=,
id,result
0,0.5570891066183863
1,3.520966945001495E-17
2,0.44291089338161355
