SEP=,
id,result
0,0.8787878787878789
1,0.0606060606060606
2,0.0606060606060606
